,program_id
0,leetcode_python_0001
1,leetcode_python_0002
2,leetcode_python_0003
3,leetcode_python_0004
4,leetcode_python_0005
5,leetcode_python_0006
6,leetcode_python_0007
7,leetcode_python_0008
8,leetcode_python_0009
9,leetcode_python_0010
10,leetcode_python_0011
11,leetcode_python_0012
12,leetcode_python_0014
13,leetcode_python_0015
14,leetcode_python_0016
15,leetcode_python_0018
16,leetcode_python_0020
17,leetcode_python_0024
18,leetcode_python_0026
19,leetcode_python_0027
20,leetcode_python_0028
21,leetcode_python_0029
22,leetcode_python_0030
23,leetcode_python_0031
24,leetcode_python_0032
25,leetcode_python_0033
26,leetcode_python_0035
27,leetcode_python_0039
28,leetcode_python_0040
29,leetcode_python_0041
30,leetcode_python_0042
31,leetcode_python_0044
32,leetcode_python_0045
33,leetcode_python_0046
34,leetcode_python_0047
35,leetcode_python_0049
36,leetcode_python_0053
37,leetcode_python_0055
38,leetcode_python_0058
39,leetcode_python_0059
40,leetcode_python_0060
41,leetcode_python_0061
42,leetcode_python_0062
43,leetcode_python_0065
44,leetcode_python_0066
45,leetcode_python_0068
46,leetcode_python_0069
47,leetcode_python_0070
48,leetcode_python_0071
49,leetcode_python_0072
50,leetcode_python_0075
51,leetcode_python_0076
52,leetcode_python_0078
53,leetcode_python_0080
54,leetcode_python_0081
55,leetcode_python_0082
56,leetcode_python_0083
57,leetcode_python_0084
58,leetcode_python_0086
59,leetcode_python_0087
60,leetcode_python_0090
61,leetcode_python_0091
62,leetcode_python_0096
63,leetcode_python_0097
64,leetcode_python_0108
65,leetcode_python_0109
66,leetcode_python_0115
67,leetcode_python_0118
68,leetcode_python_0119
69,leetcode_python_0121
70,leetcode_python_0122
71,leetcode_python_0123
72,leetcode_python_0125
73,leetcode_python_0127
74,leetcode_python_0128
75,leetcode_python_0131
76,leetcode_python_0132
77,leetcode_python_0134
78,leetcode_python_0135
79,leetcode_python_0136
80,leetcode_python_0137
81,leetcode_python_0139
82,leetcode_python_0140
83,leetcode_python_0141
84,leetcode_python_0142
85,leetcode_python_0143
86,leetcode_python_0148
87,leetcode_python_0151
88,leetcode_python_0152
89,leetcode_python_0153
90,leetcode_python_0154
91,leetcode_python_0155
92,leetcode_python_0159
93,leetcode_python_0160
94,leetcode_python_0161
95,leetcode_python_0162
96,leetcode_python_0163
97,leetcode_python_0164
98,leetcode_python_0166
99,leetcode_python_0167
100,leetcode_python_0168
101,leetcode_python_0169
102,leetcode_python_0170
103,leetcode_python_0171
104,leetcode_python_0172
105,leetcode_python_0173
106,leetcode_python_0179
107,leetcode_python_0186
108,leetcode_python_0187
109,leetcode_python_0188
110,leetcode_python_0189
111,leetcode_python_0190
112,leetcode_python_0191
113,leetcode_python_0198
114,leetcode_python_0201
115,leetcode_python_0202
116,leetcode_python_0203
117,leetcode_python_0204
118,leetcode_python_0205
119,leetcode_python_0209
120,leetcode_python_0213
121,leetcode_python_0214
122,leetcode_python_0215
123,leetcode_python_0216
124,leetcode_python_0217
125,leetcode_python_0219
126,leetcode_python_0223
127,leetcode_python_0224
128,leetcode_python_0225
129,leetcode_python_0227
130,leetcode_python_0228
131,leetcode_python_0229
132,leetcode_python_0231
133,leetcode_python_0232
134,leetcode_python_0233
135,leetcode_python_0234
136,leetcode_python_0237
137,leetcode_python_0238
138,leetcode_python_0239
139,leetcode_python_0242
140,leetcode_python_0243
141,leetcode_python_0244
142,leetcode_python_0245
143,leetcode_python_0246
144,leetcode_python_0248
145,leetcode_python_0249
146,leetcode_python_0254
147,leetcode_python_0255
148,leetcode_python_0258
149,leetcode_python_0259
150,leetcode_python_0260
151,leetcode_python_0263
152,leetcode_python_0264
153,leetcode_python_0266
154,leetcode_python_0267
155,leetcode_python_0268
156,leetcode_python_0273
157,leetcode_python_0274
158,leetcode_python_0275
159,leetcode_python_0276
160,leetcode_python_0279
161,leetcode_python_0280
162,leetcode_python_0281
163,leetcode_python_0283
164,leetcode_python_0284
165,leetcode_python_0290
166,leetcode_python_0291
167,leetcode_python_0292
168,leetcode_python_0293
169,leetcode_python_0294
170,leetcode_python_0295
171,leetcode_python_0299
172,leetcode_python_0300
173,leetcode_python_0301
174,leetcode_python_0309
175,leetcode_python_0312
176,leetcode_python_0313
177,leetcode_python_0319
178,leetcode_python_0320
179,leetcode_python_0322
180,leetcode_python_0325
181,leetcode_python_0326
182,leetcode_python_0328
183,leetcode_python_0330
184,leetcode_python_0331
185,leetcode_python_0334
186,leetcode_python_0335
187,leetcode_python_0336
188,leetcode_python_0338
189,leetcode_python_0340
190,leetcode_python_0342
191,leetcode_python_0343
192,leetcode_python_0344
193,leetcode_python_0345
194,leetcode_python_0346
195,leetcode_python_0348
196,leetcode_python_0349
197,leetcode_python_0350
198,leetcode_python_0351
199,leetcode_python_0352
200,leetcode_python_0353
201,leetcode_python_0357
202,leetcode_python_0358
203,leetcode_python_0359
204,leetcode_python_0360
205,leetcode_python_0365
206,leetcode_python_0367
207,leetcode_python_0368
208,leetcode_python_0371
209,leetcode_python_0375
210,leetcode_python_0377
211,leetcode_python_0383
212,leetcode_python_0387
213,leetcode_python_0389
214,leetcode_python_0394
215,leetcode_python_0396
216,leetcode_python_0397
217,leetcode_python_0400
218,leetcode_python_0403
219,leetcode_python_0409
220,leetcode_python_0411
221,leetcode_python_0412
222,leetcode_python_0413
223,leetcode_python_0414
224,leetcode_python_0416
225,leetcode_python_0418
226,leetcode_python_0421
227,leetcode_python_0423
228,leetcode_python_0424
229,leetcode_python_0434
230,leetcode_python_0438
231,leetcode_python_0441
232,leetcode_python_0443
233,leetcode_python_0445
234,leetcode_python_0451
235,leetcode_python_0453
236,leetcode_python_0454
237,leetcode_python_0457
238,leetcode_python_0459
239,leetcode_python_0462
240,leetcode_python_0472
241,leetcode_python_0473
242,leetcode_python_0474
243,leetcode_python_0477
244,leetcode_python_0482
245,leetcode_python_0484
246,leetcode_python_0485
247,leetcode_python_0487
248,leetcode_python_0488
249,leetcode_python_0491
250,leetcode_python_0494
251,leetcode_python_0495
252,leetcode_python_0496
253,leetcode_python_0500
254,leetcode_python_0503
255,leetcode_python_0507
256,leetcode_python_0509
257,leetcode_python_0514
258,leetcode_python_0516
259,leetcode_python_0517
260,leetcode_python_0518
261,leetcode_python_0520
262,leetcode_python_0521
263,leetcode_python_0522
264,leetcode_python_0523
265,leetcode_python_0524
266,leetcode_python_0525
267,leetcode_python_0527
268,leetcode_python_0532
269,leetcode_python_0540
270,leetcode_python_0541
271,leetcode_python_0544
272,leetcode_python_0546
273,leetcode_python_0551
274,leetcode_python_0552
275,leetcode_python_0553
276,leetcode_python_0555
277,leetcode_python_0556
278,leetcode_python_0560
279,leetcode_python_0561
280,leetcode_python_0575
281,leetcode_python_0576
282,leetcode_python_0581
283,leetcode_python_0582
284,leetcode_python_0583
285,leetcode_python_0591
286,leetcode_python_0592
287,leetcode_python_0593
288,leetcode_python_0594
289,leetcode_python_0599
290,leetcode_python_0604
291,leetcode_python_0605
292,leetcode_python_0609
293,leetcode_python_0611
294,leetcode_python_0616
295,leetcode_python_0621
296,leetcode_python_0625
297,leetcode_python_0628
298,leetcode_python_0629
299,leetcode_python_0633
300,leetcode_python_0634
301,leetcode_python_0635
302,leetcode_python_0643
303,leetcode_python_0644
304,leetcode_python_0647
305,leetcode_python_0648
306,leetcode_python_0650
307,leetcode_python_0654
308,leetcode_python_0657
309,leetcode_python_0658
310,leetcode_python_0660
311,leetcode_python_0665
312,leetcode_python_0666
313,leetcode_python_0667
314,leetcode_python_0670
315,leetcode_python_0672
316,leetcode_python_0673
317,leetcode_python_0674
318,leetcode_python_0676
319,leetcode_python_0677
320,leetcode_python_0678
321,leetcode_python_0679
322,leetcode_python_0680
323,leetcode_python_0686
324,leetcode_python_0688
325,leetcode_python_0689
326,leetcode_python_0691
327,leetcode_python_0692
328,leetcode_python_0693
329,leetcode_python_0696
330,leetcode_python_0697
331,leetcode_python_0698
332,leetcode_python_0704
333,leetcode_python_0705
334,leetcode_python_0707
335,leetcode_python_0709
336,leetcode_python_0713
337,leetcode_python_0714
338,leetcode_python_0717
339,leetcode_python_0718
340,leetcode_python_0719
341,leetcode_python_0720
342,leetcode_python_0722
343,leetcode_python_0724
344,leetcode_python_0728
345,leetcode_python_0729
346,leetcode_python_0730
347,leetcode_python_0732
348,leetcode_python_0735
349,leetcode_python_0739
350,leetcode_python_0744
351,leetcode_python_0746
352,leetcode_python_0747
353,leetcode_python_0748
354,leetcode_python_0751
355,leetcode_python_0754
356,leetcode_python_0756
357,leetcode_python_0758
358,leetcode_python_0761
359,leetcode_python_0763
360,leetcode_python_0767
361,leetcode_python_0768
362,leetcode_python_0769
363,leetcode_python_0770
364,leetcode_python_0771
365,leetcode_python_0772
366,leetcode_python_0774
367,leetcode_python_0775
368,leetcode_python_0777
369,leetcode_python_0780
370,leetcode_python_0781
371,leetcode_python_0788
372,leetcode_python_0790
373,leetcode_python_0792
374,leetcode_python_0794
375,leetcode_python_0795
376,leetcode_python_0796
377,leetcode_python_0801
378,leetcode_python_0805
379,leetcode_python_0808
380,leetcode_python_0809
381,leetcode_python_0810
382,leetcode_python_0816
383,leetcode_python_0819
384,leetcode_python_0820
385,leetcode_python_0821
386,leetcode_python_0822
387,leetcode_python_0823
388,leetcode_python_0824
389,leetcode_python_0825
390,leetcode_python_0826
391,leetcode_python_0828
392,leetcode_python_0829
393,leetcode_python_0830
394,leetcode_python_0831
395,leetcode_python_0833
396,leetcode_python_0836
397,leetcode_python_0837
398,leetcode_python_0838
399,leetcode_python_0844
400,leetcode_python_0845
401,leetcode_python_0846
402,leetcode_python_0848
403,leetcode_python_0849
404,leetcode_python_0852
405,leetcode_python_0853
406,leetcode_python_0854
407,leetcode_python_0856
408,leetcode_python_0857
409,leetcode_python_0858
410,leetcode_python_0859
411,leetcode_python_0860
412,leetcode_python_0861
413,leetcode_python_0862
414,leetcode_python_0866
415,leetcode_python_0868
416,leetcode_python_0869
417,leetcode_python_0870
418,leetcode_python_0873
419,leetcode_python_0875
420,leetcode_python_0877
421,leetcode_python_0878
422,leetcode_python_0880
423,leetcode_python_0881
424,leetcode_python_0884
425,leetcode_python_0885
426,leetcode_python_0888
427,leetcode_python_0890
428,leetcode_python_0891
429,leetcode_python_0893
430,leetcode_python_0895
431,leetcode_python_0896
432,leetcode_python_0899
433,leetcode_python_0900
434,leetcode_python_0901
435,leetcode_python_0902
436,leetcode_python_0904
437,leetcode_python_0905
438,leetcode_python_0907
439,leetcode_python_0908
440,leetcode_python_0910
441,leetcode_python_0911
442,leetcode_python_0912
443,leetcode_python_0914
444,leetcode_python_0915
445,leetcode_python_0916
446,leetcode_python_0917
447,leetcode_python_0918
448,leetcode_python_0919
449,leetcode_python_0921
450,leetcode_python_0922
451,leetcode_python_0923
452,leetcode_python_0925
453,leetcode_python_0926
454,leetcode_python_0927
455,leetcode_python_0930
456,leetcode_python_0932
457,leetcode_python_0933
458,leetcode_python_0935
459,leetcode_python_0936
460,leetcode_python_0941
461,leetcode_python_0942
462,leetcode_python_0944
463,leetcode_python_0945
464,leetcode_python_0946
465,leetcode_python_0948
466,leetcode_python_0949
467,leetcode_python_0950
468,leetcode_python_0952
469,leetcode_python_0954
470,leetcode_python_0957
471,leetcode_python_0961
472,leetcode_python_0962
473,leetcode_python_0966
474,leetcode_python_0970
475,leetcode_python_0974
476,leetcode_python_0976
477,leetcode_python_0977
478,leetcode_python_0978
479,leetcode_python_0981
480,leetcode_python_0982
481,leetcode_python_0983
482,leetcode_python_0989
483,leetcode_python_0991
484,leetcode_python_0992
485,leetcode_python_0995
486,leetcode_python_0996
487,leetcode_python_1003
488,leetcode_python_1004
489,leetcode_python_1005
490,leetcode_python_1006
491,leetcode_python_1007
492,leetcode_python_1008
493,leetcode_python_1009
494,leetcode_python_1010
495,leetcode_python_1011
496,leetcode_python_1012
497,leetcode_python_1013
498,leetcode_python_1014
499,leetcode_python_1015
500,leetcode_python_1016
501,leetcode_python_1017
502,leetcode_python_1018
503,leetcode_python_1021
504,leetcode_python_1023
505,leetcode_python_1025
506,leetcode_python_1027
507,leetcode_python_1031
508,leetcode_python_1032
509,leetcode_python_1033
510,leetcode_python_1035
511,leetcode_python_1039
512,leetcode_python_1040
513,leetcode_python_1041
514,leetcode_python_1043
515,leetcode_python_1046
516,leetcode_python_1048
517,leetcode_python_1049
518,leetcode_python_1051
519,leetcode_python_1052
520,leetcode_python_1053
521,leetcode_python_1054
522,leetcode_python_1056
523,leetcode_python_1062
524,leetcode_python_1063
525,leetcode_python_1064
526,leetcode_python_1065
527,leetcode_python_1071
528,leetcode_python_1073
529,leetcode_python_1078
530,leetcode_python_1085
531,leetcode_python_1087
532,leetcode_python_1088
533,leetcode_python_1089
534,leetcode_python_1093
535,leetcode_python_1096
536,leetcode_python_1099
537,leetcode_python_1100
538,leetcode_python_1103
539,leetcode_python_1104
540,leetcode_python_1108
541,leetcode_python_1111
542,leetcode_python_1114
543,leetcode_python_1115
544,leetcode_python_1116
545,leetcode_python_1119
546,leetcode_python_1121
547,leetcode_python_1122
548,leetcode_python_1124
549,leetcode_python_1130
550,leetcode_python_1131
551,leetcode_python_1133
552,leetcode_python_1134
553,leetcode_python_1137
554,leetcode_python_1143
555,leetcode_python_1144
556,leetcode_python_1146
557,leetcode_python_1150
558,leetcode_python_1151
559,leetcode_python_1153
560,leetcode_python_1155
561,leetcode_python_1156
562,leetcode_python_1157
563,leetcode_python_1160
564,leetcode_python_1163
565,leetcode_python_1167
566,leetcode_python_1170
567,leetcode_python_1175
568,leetcode_python_1176
569,leetcode_python_1180
570,leetcode_python_1183
571,leetcode_python_1184
572,leetcode_python_1186
573,leetcode_python_1189
574,leetcode_python_1190
575,leetcode_python_1191
576,leetcode_python_1195
577,leetcode_python_1196
578,leetcode_python_1199
579,leetcode_python_1200
580,leetcode_python_1201
581,leetcode_python_1207
582,leetcode_python_1208
583,leetcode_python_1209
584,leetcode_python_1215
585,leetcode_python_1216
586,leetcode_python_1217
587,leetcode_python_1218
588,leetcode_python_1220
589,leetcode_python_1224
590,leetcode_python_1227
591,leetcode_python_1228
592,leetcode_python_1231
593,leetcode_python_1233
594,leetcode_python_1234
595,leetcode_python_1243
596,leetcode_python_1244
597,leetcode_python_1246
598,leetcode_python_1247
599,leetcode_python_1248
600,leetcode_python_1249
601,leetcode_python_1253
602,leetcode_python_1256
603,leetcode_python_1259
604,leetcode_python_1268
605,leetcode_python_1269
606,leetcode_python_1276
607,leetcode_python_1281
608,leetcode_python_1282
609,leetcode_python_1283
610,leetcode_python_1287
611,leetcode_python_1295
612,leetcode_python_1296
613,leetcode_python_1297
614,leetcode_python_1299
615,leetcode_python_1300
616,leetcode_python_1304
617,leetcode_python_1307
618,leetcode_python_1312
619,leetcode_python_1313
620,leetcode_python_1316
621,leetcode_python_1317
622,leetcode_python_1318
623,leetcode_python_1320
624,leetcode_python_1323
625,leetcode_python_1324
626,leetcode_python_1326
627,leetcode_python_1328
628,leetcode_python_1330
629,leetcode_python_1331
630,leetcode_python_1332
631,leetcode_python_1335
632,leetcode_python_1338
633,leetcode_python_1340
634,leetcode_python_1342
635,leetcode_python_1343
636,leetcode_python_1344
637,leetcode_python_1345
638,leetcode_python_1346
639,leetcode_python_1347
640,leetcode_python_1348
641,leetcode_python_1354
642,leetcode_python_1357
643,leetcode_python_1359
644,leetcode_python_1362
645,leetcode_python_1365
646,leetcode_python_1370
647,leetcode_python_1371
648,leetcode_python_1374
649,leetcode_python_1375
650,leetcode_python_1383
651,leetcode_python_1385
652,leetcode_python_1387
653,leetcode_python_1388
654,leetcode_python_1390
655,leetcode_python_1392
656,leetcode_python_1394
657,leetcode_python_1395
658,leetcode_python_1396
659,leetcode_python_1397
660,leetcode_python_1399
661,leetcode_python_1400
662,leetcode_python_1402
663,leetcode_python_1403
664,leetcode_python_1404
665,leetcode_python_1406
666,leetcode_python_1408
667,leetcode_python_1409
668,leetcode_python_1410
669,leetcode_python_1413
670,leetcode_python_1414
671,leetcode_python_1417
672,leetcode_python_1420
673,leetcode_python_1422
674,leetcode_python_1425
675,leetcode_python_1426
676,leetcode_python_1431
677,leetcode_python_1432
678,leetcode_python_1433
679,leetcode_python_1437
680,leetcode_python_1442
681,leetcode_python_1444
682,leetcode_python_1446
683,leetcode_python_1447
684,leetcode_python_1451
685,leetcode_python_1455
686,leetcode_python_1456
687,leetcode_python_1458
688,leetcode_python_1460
689,leetcode_python_1461
690,leetcode_python_1464
691,leetcode_python_1465
692,leetcode_python_1470
693,leetcode_python_1475
694,leetcode_python_1476
695,leetcode_python_1480
696,leetcode_python_1482
697,leetcode_python_1486
698,leetcode_python_1487
699,leetcode_python_1488
700,leetcode_python_1491
701,leetcode_python_1492
702,leetcode_python_1493
703,leetcode_python_1498
704,leetcode_python_1509
705,leetcode_python_1525
706,leetcode_python_1526
707,leetcode_python_1531
708,leetcode_python_1534
709,leetcode_python_1535
710,leetcode_python_1537
711,leetcode_python_1540
712,leetcode_python_1541
713,leetcode_python_1544
714,leetcode_python_1545
715,leetcode_python_1546
716,leetcode_python_1547
717,leetcode_python_1550
718,leetcode_python_1552
719,leetcode_python_1553
720,leetcode_python_1556
721,leetcode_python_1558
722,leetcode_python_1560
723,leetcode_python_1561
724,leetcode_python_1564
725,leetcode_python_1566
726,leetcode_python_1567
727,leetcode_python_1573
728,leetcode_python_1574
729,leetcode_python_1576
730,leetcode_python_1577
731,leetcode_python_1580
732,leetcode_python_1585
733,leetcode_python_1586
734,leetcode_python_1588
735,leetcode_python_1590
736,leetcode_python_1605
737,leetcode_python_1608
738,leetcode_python_1611
739,leetcode_python_1614
740,leetcode_python_1616
741,leetcode_python_1621
742,leetcode_python_1622
743,leetcode_python_1624
744,leetcode_python_1630
745,leetcode_python_1636
746,leetcode_python_1638
747,leetcode_python_1639
748,leetcode_python_1642
749,leetcode_python_1646
750,leetcode_python_1647
751,leetcode_python_1648
752,leetcode_python_1653
753,leetcode_python_1654
754,leetcode_python_1655
755,leetcode_python_1656
756,leetcode_python_1657
757,leetcode_python_1658
758,leetcode_python_1662
759,leetcode_python_1663
760,leetcode_python_1668
761,leetcode_python_1671
762,leetcode_python_1673
763,leetcode_python_1674
764,leetcode_python_1675
765,leetcode_python_1678
766,leetcode_python_1679
767,leetcode_python_1680
768,leetcode_python_1681
769,leetcode_python_1682
770,leetcode_python_1684
771,leetcode_python_1685
772,leetcode_python_1688
773,leetcode_python_1694
774,leetcode_python_1695
775,leetcode_python_1696
776,leetcode_python_1698
777,leetcode_python_1700
778,leetcode_python_1702
779,leetcode_python_1704
780,leetcode_python_1705
781,leetcode_python_1711
782,leetcode_python_1712
783,leetcode_python_1713
784,leetcode_python_1716
785,leetcode_python_1717
786,leetcode_python_1720
787,leetcode_python_1723
788,leetcode_python_1726
789,leetcode_python_1728
790,leetcode_python_1732
791,leetcode_python_1736
792,leetcode_python_1739
793,leetcode_python_1742
794,leetcode_python_1745
795,leetcode_python_1746
796,leetcode_python_1748
797,leetcode_python_1750
798,leetcode_python_1754
799,leetcode_python_1759
800,leetcode_python_1760
801,leetcode_python_1762
802,leetcode_python_1763
803,leetcode_python_1764
804,leetcode_python_1768
805,leetcode_python_1770
806,leetcode_python_1780
807,leetcode_python_1781
808,leetcode_python_1784
809,leetcode_python_1787
810,leetcode_python_1788
811,leetcode_python_1790
812,leetcode_python_1793
813,leetcode_python_1794
814,leetcode_python_1796
815,leetcode_python_1797
816,leetcode_python_1798
817,leetcode_python_1799
818,leetcode_python_1800
819,leetcode_python_1805
820,leetcode_python_1813
821,leetcode_python_1814
822,leetcode_python_1815
823,leetcode_python_1816
824,leetcode_python_1818
825,leetcode_python_1822
826,leetcode_python_1823
827,leetcode_python_1826
828,leetcode_python_1827
829,leetcode_python_1829
830,leetcode_python_1832
831,leetcode_python_1833
832,leetcode_python_1835
833,leetcode_python_1838
834,leetcode_python_1839
835,leetcode_python_1842
836,leetcode_python_1844
837,leetcode_python_1845
838,leetcode_python_1846
839,leetcode_python_1848
840,leetcode_python_1849
841,leetcode_python_1852
842,leetcode_python_1855
843,leetcode_python_1856
844,leetcode_python_1859
845,leetcode_python_1860
846,leetcode_python_1862
847,leetcode_python_1863
848,leetcode_python_1864
849,leetcode_python_1865
850,leetcode_python_1866
851,leetcode_python_1869
852,leetcode_python_1871
853,leetcode_python_1872
854,leetcode_python_1874
855,leetcode_python_1876
856,leetcode_python_1877
857,leetcode_python_1879
858,leetcode_python_1880
859,leetcode_python_1881
860,leetcode_python_1882
861,leetcode_python_1883
862,leetcode_python_1887
863,leetcode_python_1891
864,leetcode_python_1894
865,leetcode_python_1896
866,leetcode_python_1897
867,leetcode_python_1900
868,leetcode_python_1908
869,leetcode_python_1909
870,leetcode_python_1910
871,leetcode_python_1911
872,leetcode_python_1912
873,leetcode_python_1913
874,leetcode_python_1916
875,leetcode_python_1918
876,leetcode_python_1921
877,leetcode_python_1922
878,leetcode_python_1925
879,leetcode_python_1927
880,leetcode_python_1929
881,leetcode_python_1933
882,leetcode_python_1935
883,leetcode_python_1936
884,leetcode_python_1941
885,leetcode_python_1944
886,leetcode_python_1950
887,leetcode_python_1952
888,leetcode_python_1953
889,leetcode_python_1954
890,leetcode_python_1955
891,leetcode_python_1957
892,leetcode_python_1959
893,leetcode_python_1960
894,leetcode_python_1961
895,leetcode_python_1962
896,leetcode_python_1963
897,leetcode_python_1964
898,leetcode_python_1966
899,leetcode_python_1967
900,leetcode_python_1968
901,leetcode_python_1974
902,leetcode_python_1977
903,leetcode_python_1979
904,leetcode_python_1982
905,leetcode_python_1983
906,leetcode_python_1986
907,leetcode_python_1987
908,leetcode_python_1989
909,leetcode_python_1991
910,leetcode_python_1994
911,leetcode_python_1995
912,leetcode_python_1999
913,leetcode_python_2000
914,leetcode_python_2002
915,leetcode_python_2005
916,leetcode_python_2006
917,leetcode_python_2007
918,leetcode_python_2011
919,leetcode_python_2012
920,leetcode_python_2013
921,leetcode_python_2016
922,leetcode_python_2022
923,leetcode_python_2023
924,leetcode_python_2024
925,leetcode_python_2025
926,leetcode_python_2027
927,leetcode_python_2028
928,leetcode_python_2029
929,leetcode_python_2030
930,leetcode_python_2031
931,leetcode_python_2032
932,leetcode_python_2036
933,leetcode_python_2037
934,leetcode_python_2038
935,leetcode_python_2040
936,leetcode_python_2042
937,leetcode_python_2043
938,leetcode_python_2044
939,leetcode_python_2047
940,leetcode_python_2048
941,leetcode_python_2052
942,leetcode_python_2053
943,leetcode_python_2057
944,leetcode_python_2059
945,leetcode_python_2060
946,leetcode_python_2062
947,leetcode_python_2063
948,leetcode_python_2064
949,leetcode_python_2067
950,leetcode_python_2068
951,leetcode_python_2069
952,leetcode_python_2071
953,leetcode_python_2075
954,leetcode_python_2078
955,leetcode_python_2079
956,leetcode_python_2080
957,leetcode_python_2083
958,leetcode_python_2085
959,leetcode_python_2086
960,leetcode_python_2089
961,leetcode_python_2090
962,leetcode_python_2091
963,leetcode_python_2094
964,leetcode_python_2098
965,leetcode_python_2100
966,leetcode_python_2104
967,leetcode_python_2105
968,leetcode_python_2107
969,leetcode_python_2108
970,leetcode_python_2109
971,leetcode_python_2110
972,leetcode_python_2111
973,leetcode_python_2114
974,leetcode_python_2116
975,leetcode_python_2117
976,leetcode_python_2119
977,leetcode_python_2121
978,leetcode_python_2122
979,leetcode_python_2124
980,leetcode_python_2125
981,leetcode_python_2126
982,leetcode_python_2129
983,leetcode_python_2134
984,leetcode_python_2136
985,leetcode_python_2137
986,leetcode_python_2138
987,leetcode_python_2139
988,leetcode_python_2143
989,leetcode_python_2144
990,leetcode_python_2145
991,leetcode_python_2147
992,leetcode_python_2148
993,leetcode_python_2149
994,leetcode_python_2150
995,leetcode_python_2155
996,leetcode_python_2161
997,leetcode_python_2162
998,leetcode_python_2163
999,leetcode_python_2164
1000,leetcode_python_2165
1001,leetcode_python_2166
1002,leetcode_python_2167
1003,leetcode_python_2169
1004,leetcode_python_2170
1005,leetcode_python_2171
1006,leetcode_python_2176
1007,leetcode_python_2177
1008,leetcode_python_2178
1009,leetcode_python_2180
1010,leetcode_python_2183
1011,leetcode_python_2184
1012,leetcode_python_2185
1013,leetcode_python_2186
1014,leetcode_python_2187
1015,leetcode_python_2189
1016,leetcode_python_2193
1017,leetcode_python_2195
1018,leetcode_python_2197
1019,leetcode_python_2198
1020,leetcode_python_2200
1021,leetcode_python_2202
1022,leetcode_python_2206
1023,leetcode_python_2207
1024,leetcode_python_2208
1025,leetcode_python_2210
1026,leetcode_python_2211
1027,leetcode_python_2214
1028,leetcode_python_2215
1029,leetcode_python_2216
1030,leetcode_python_2217
1031,leetcode_python_2219
1032,leetcode_python_2220
1033,leetcode_python_2221
1034,leetcode_python_2223
1035,leetcode_python_2226
1036,leetcode_python_2227
1037,leetcode_python_2229
1038,leetcode_python_2231
1039,leetcode_python_2233
1040,leetcode_python_2234
1041,leetcode_python_2239
1042,leetcode_python_2240
1043,leetcode_python_2241
1044,leetcode_python_2244
1045,leetcode_python_2255
1046,leetcode_python_2256
1047,leetcode_python_2260
1048,leetcode_python_2261
1049,leetcode_python_2262
1050,leetcode_python_2263
1051,leetcode_python_2264
1052,leetcode_python_2266
1053,leetcode_python_2268
1054,leetcode_python_2269
1055,leetcode_python_2270
1056,leetcode_python_2272
1057,leetcode_python_2273
1058,leetcode_python_2274
1059,leetcode_python_2275
1060,leetcode_python_2276
1061,leetcode_python_2278
1062,leetcode_python_2279
1063,leetcode_python_2281
1064,leetcode_python_2284
1065,leetcode_python_2287
1066,leetcode_python_2288
1067,leetcode_python_2289
1068,leetcode_python_2291
1069,leetcode_python_2293
1070,leetcode_python_2294
1071,leetcode_python_2297
1072,leetcode_python_2299
1073,leetcode_python_2300
1074,leetcode_python_2302
1075,leetcode_python_2306
1076,leetcode_python_2309
1077,leetcode_python_2310
1078,leetcode_python_2311
1079,leetcode_python_2315
1080,leetcode_python_2317
1081,leetcode_python_2318
1082,leetcode_python_2320
1083,leetcode_python_2321
1084,leetcode_python_2323
1085,leetcode_python_2327
1086,leetcode_python_2330
1087,leetcode_python_2332
1088,leetcode_python_2334
1089,leetcode_python_2335
1090,leetcode_python_2337
1091,leetcode_python_2340
1092,leetcode_python_2341
1093,leetcode_python_2342
1094,leetcode_python_2344
1095,leetcode_python_2347
1096,leetcode_python_2348
1097,leetcode_python_2349
1098,leetcode_python_2350
1099,leetcode_python_2354
1100,leetcode_python_2355
1101,leetcode_python_2357
1102,leetcode_python_2358
1103,leetcode_python_2361
1104,leetcode_python_2364
1105,leetcode_python_2365
1106,leetcode_python_2366
1107,leetcode_python_2367
1108,leetcode_python_2369
1109,leetcode_python_2370
1110,leetcode_python_2375
1111,leetcode_python_2376
1112,leetcode_python_2379
1113,leetcode_python_2380
1114,leetcode_python_2383
1115,leetcode_python_2389
1116,leetcode_python_2390
1117,leetcode_python_2391
1118,leetcode_python_2393
1119,leetcode_python_2395
1120,leetcode_python_2396
1121,leetcode_python_2398
1122,leetcode_python_2400
1123,leetcode_python_2401
1124,leetcode_python_2403
1125,leetcode_python_2404
1126,leetcode_python_2410
1127,leetcode_python_2411
1128,leetcode_python_2413
1129,leetcode_python_2414
1130,leetcode_python_2416
1131,leetcode_python_2417
1132,leetcode_python_2418
1133,leetcode_python_2419
1134,leetcode_python_2420
1135,leetcode_python_2422
1136,leetcode_python_2425
1137,leetcode_python_2427
1138,leetcode_python_2429
1139,leetcode_python_2430
1140,leetcode_python_2431
1141,leetcode_python_2433
1142,leetcode_python_2436
1143,leetcode_python_2437
1144,leetcode_python_2439
1145,leetcode_python_2441
1146,leetcode_python_2444
1147,leetcode_python_2445
1148,leetcode_python_2447
1149,leetcode_python_2448
1150,leetcode_python_2449
1151,leetcode_python_2451
1152,leetcode_python_2452
1153,leetcode_python_2453
1154,leetcode_python_2454
1155,leetcode_python_2455
1156,leetcode_python_2456
1157,leetcode_python_2457
1158,leetcode_python_2460
1159,leetcode_python_2461
1160,leetcode_python_2464
1161,leetcode_python_2465
1162,leetcode_python_2466
1163,leetcode_python_2468
1164,leetcode_python_2470
1165,leetcode_python_2472
1166,leetcode_python_2475
1167,leetcode_python_2478
1168,leetcode_python_2481
1169,leetcode_python_2483
1170,leetcode_python_2484
1171,leetcode_python_2485
1172,leetcode_python_2486
1173,leetcode_python_2489
1174,leetcode_python_2490
1175,leetcode_python_2491
1176,leetcode_python_2495
1177,leetcode_python_2496
1178,leetcode_python_2498
1179,leetcode_python_2499
1180,leetcode_python_2505
1181,leetcode_python_2507
1182,leetcode_python_2511
1183,leetcode_python_2512
1184,leetcode_python_2513
1185,leetcode_python_2514
1186,leetcode_python_2515
1187,leetcode_python_2516
1188,leetcode_python_2517
1189,leetcode_python_2520
1190,leetcode_python_2523
1191,leetcode_python_2525
1192,leetcode_python_2526
1193,leetcode_python_2527
1194,leetcode_python_2528
1195,leetcode_python_2529
1196,leetcode_python_2530
1197,leetcode_python_2531
1198,leetcode_python_2533
1199,leetcode_python_2535
1200,leetcode_python_2540
1201,leetcode_python_2541
1202,leetcode_python_2542
1203,leetcode_python_2543
1204,leetcode_python_2544
1205,leetcode_python_2546
1206,leetcode_python_2547
1207,leetcode_python_2549
1208,leetcode_python_2551
1209,leetcode_python_2552
1210,leetcode_python_2553
1211,leetcode_python_2554
1212,leetcode_python_2555
1213,leetcode_python_2558
1214,leetcode_python_2560
1215,leetcode_python_2561
1216,leetcode_python_2563
1217,leetcode_python_2565
1218,leetcode_python_2566
1219,leetcode_python_2567
1220,leetcode_python_2568
1221,leetcode_python_2571
1222,leetcode_python_2572
1223,leetcode_python_2574
1224,leetcode_python_2576
1225,leetcode_python_2578
1226,leetcode_python_2579
1227,leetcode_python_2582
1228,leetcode_python_2584
1229,leetcode_python_2586
1230,leetcode_python_2587
1231,leetcode_python_2588
1232,leetcode_python_2591
1233,leetcode_python_2592
1234,leetcode_python_2593
1235,leetcode_python_2594
1236,leetcode_python_2595
1237,leetcode_python_2597
1238,leetcode_python_2598
1239,leetcode_python_2599
1240,leetcode_python_2600
1241,leetcode_python_2601
1242,leetcode_python_2602
1243,leetcode_python_2604
1244,leetcode_python_2605
1245,leetcode_python_2607
1246,leetcode_python_2611
1247,leetcode_python_2612
1248,leetcode_python_2615
1249,leetcode_python_2616
1250,leetcode_python_2638
1251,leetcode_python_2640
1252,leetcode_python_2644
1253,leetcode_python_2647
1254,leetcode_python_2651
1255,leetcode_python_2652
1256,leetcode_python_2653
1257,leetcode_python_2654
1258,leetcode_python_2656
1259,leetcode_python_2659
1260,leetcode_python_2660
1261,leetcode_python_2663
1262,leetcode_python_2664
1263,leetcode_python_2680
1264,leetcode_python_2681
1265,leetcode_python_2682
1266,leetcode_python_2683
1267,leetcode_python_2696
1268,leetcode_python_2697
1269,leetcode_python_2698
1270,leetcode_python_2706
1271,leetcode_python_2707
1272,leetcode_python_2708
1273,leetcode_python_2710
1274,leetcode_python_2712
1275,leetcode_python_2716
1276,leetcode_python_2730
1277,leetcode_python_2731
1278,leetcode_python_2733
1279,leetcode_python_2734
1280,leetcode_python_2735
1281,leetcode_python_2739
1282,leetcode_python_2740
1283,leetcode_python_2741
1284,leetcode_python_2742
1285,leetcode_python_2743
1286,leetcode_python_2745
1287,leetcode_python_2746
1288,leetcode_python_2748
1289,leetcode_python_2749
1290,leetcode_python_2750
1291,leetcode_python_2751
1292,leetcode_python_2760
1293,leetcode_python_2761
1294,leetcode_python_2762
1295,leetcode_python_2765
1296,leetcode_python_2767
1297,leetcode_python_2769
1298,leetcode_python_2770
1299,leetcode_python_2771
1300,leetcode_python_2772
1301,leetcode_python_2778
1302,leetcode_python_2779
1303,leetcode_python_2780
1304,leetcode_python_2781
1305,leetcode_python_2784
1306,leetcode_python_2785
1307,leetcode_python_2786
1308,leetcode_python_2787
1309,leetcode_python_2788
1310,leetcode_python_2789
1311,leetcode_python_2790
1312,leetcode_python_2791
1313,leetcode_python_2798
1314,leetcode_python_2799
1315,leetcode_python_2800
1316,leetcode_python_2802
1317,leetcode_python_2806
1318,leetcode_python_2808
1319,leetcode_python_2809
1320,leetcode_python_2810
1321,leetcode_python_2811
1322,leetcode_python_2815
1323,leetcode_python_2817
1324,leetcode_python_2819
1325,leetcode_python_2824
1326,leetcode_python_2825
1327,leetcode_python_2828
1328,leetcode_python_2829
1329,leetcode_python_2831
1330,leetcode_python_2832
1331,leetcode_python_2833
1332,leetcode_python_2834
1333,leetcode_python_2835
1334,leetcode_python_2839
1335,leetcode_python_2840
1336,leetcode_python_2841
1337,leetcode_python_2842
1338,leetcode_python_2843
1339,leetcode_python_2844
1340,leetcode_python_2845
1341,leetcode_python_2847
1342,leetcode_python_2849
1343,leetcode_python_2851
1344,leetcode_python_2855
1345,leetcode_python_2856
1346,leetcode_python_2859
1347,leetcode_python_2860
1348,leetcode_python_2862
1349,leetcode_python_2863
1350,leetcode_python_2864
1351,leetcode_python_2865
1352,leetcode_python_2866
1353,leetcode_python_2867
1354,leetcode_python_2869
1355,leetcode_python_2870
1356,leetcode_python_2871
1357,leetcode_python_2873
1358,leetcode_python_2874
1359,leetcode_python_2875
1360,leetcode_python_2892
1361,leetcode_python_2894
1362,leetcode_python_2895
1363,leetcode_python_2896
1364,leetcode_python_2898
1365,leetcode_python_2900
1366,leetcode_python_2902
1367,leetcode_python_2903
1368,leetcode_python_2904
1369,leetcode_python_2905
1370,leetcode_python_2907
1371,leetcode_python_2908
1372,leetcode_python_2909
1373,leetcode_python_2912
1374,leetcode_python_2914
1375,leetcode_python_2915
1376,leetcode_python_2917
1377,leetcode_python_2918
1378,leetcode_python_2919
1379,leetcode_python_2921
1380,leetcode_python_2926
1381,leetcode_python_2927
1382,leetcode_python_2928
1383,leetcode_python_2929
1384,leetcode_python_2932
1385,leetcode_python_2934
1386,leetcode_python_2935
1387,leetcode_python_2937
1388,leetcode_python_2938
1389,leetcode_python_2939
1390,leetcode_python_2941
1391,leetcode_python_2944
1392,leetcode_python_2947
1393,leetcode_python_2948
1394,leetcode_python_2949
1395,leetcode_python_2950
1396,leetcode_python_2951
1397,leetcode_python_2952
1398,leetcode_python_2953
1399,leetcode_python_2956
1400,leetcode_python_2957
1401,leetcode_python_2958
1402,leetcode_python_2960
1403,leetcode_python_2962
1404,leetcode_python_2963
1405,leetcode_python_2964
1406,leetcode_python_2966
1407,leetcode_python_2967
1408,leetcode_python_2968
1409,leetcode_python_2969
1410,leetcode_python_2970
1411,leetcode_python_2971
1412,leetcode_python_2972
1413,leetcode_python_2974
1414,leetcode_python_2975
1415,leetcode_python_2977
1416,leetcode_python_2979
1417,leetcode_python_2980
1418,leetcode_python_2996
1419,leetcode_python_2997
1420,leetcode_python_3001
1421,leetcode_python_3002
1422,leetcode_python_3005
1423,leetcode_python_3006
1424,leetcode_python_3007
1425,leetcode_python_3008
1426,leetcode_python_3009
1427,leetcode_python_3010
1428,leetcode_python_3011
1429,leetcode_python_3012
1430,leetcode_python_3014
1431,leetcode_python_3015
1432,leetcode_python_3016
1433,leetcode_python_3017
